-- Versión del servidor:         PostgreSQL 14.1, compiled by Visual C++ build 1914, 64-bit

CREATE TABLE IF NOT EXISTS "activities" (
	"id" INTEGER NOT NULL DEFAULT 'nextval(''activities_id_seq''::regclass)',
	"name" VARCHAR(65) NOT NULL,
	"difficulty" INTEGER NOT NULL,
	"duration" TIME NOT NULL,
	"season" VARCHAR(12) NOT NULL,
	PRIMARY KEY ("id")
);

INSERT INTO "activities" ("id", "name", "difficulty", "duration", "season") VALUES
	(47, 'Snorkeling Sport', 5, '02:01:00', 'fall'),
	(43, 'Ski', 4, '03:00:00', 'winter'),
	(42, 'Diving', 5, '02:00:00', 'winter');
	
	
CREATE TABLE IF NOT EXISTS "countries" (
	"alpha3Code" VARCHAR(3) NOT NULL,
	"name" VARCHAR(65) NOT NULL,
	"flag" VARCHAR(255) NOT NULL,
	"region" VARCHAR(50) NOT NULL,
	"capital" VARCHAR(50) NOT NULL DEFAULT 'N/A',
	"subregion" VARCHAR(50) NULL DEFAULT 'N/A',
	"area" DOUBLE PRECISION NULL DEFAULT '0',
	"population" DOUBLE PRECISION NULL DEFAULT '0',
	PRIMARY KEY ("alpha3Code")
);

INSERT INTO "countries" ("alpha3Code", "name", "flag", "region", "capital", "subregion", "area", "population") VALUES
	('afg', 'afghanistan', 'https://upload.wikimedia.org/wikipedia/commons/5/5c/Flag_of_the_Taliban.svg', 'asia', 'kabul', 'southern asia', 652230, 40218234),
	('ala', 'åland islands', 'https://flagcdn.com/ax.svg', 'europe', 'mariehamn', 'northern europe', 1580, 28875),
	('alb', 'albania', 'https://flagcdn.com/al.svg', 'europe', 'tirana', 'southern europe', 28748, 2837743),
	('dza', 'algeria', 'https://flagcdn.com/dz.svg', 'africa', 'algiers', 'northern africa', 2381741, 43851043),
	('asm', 'american samoa', 'https://flagcdn.com/as.svg', 'oceania', 'pago pago', 'polynesia', 199, 55197),
	('and', 'andorra', 'https://flagcdn.com/ad.svg', 'europe', 'andorra la vella', 'southern europe', 468, 77265),
	('ago', 'angola', 'https://flagcdn.com/ao.svg', 'africa', 'luanda', 'middle africa', 1246700, 32866268),
	('aia', 'anguilla', 'https://flagcdn.com/ai.svg', 'americas', 'the valley', 'caribbean', 91, 13452),
	('ata', 'antarctica', 'https://flagcdn.com/aq.svg', 'polar', '', 'antarctica', 14000000, 1000),
	('atg', 'antigua and barbuda', 'https://flagcdn.com/ag.svg', 'americas', 'saint john''s', 'caribbean', 442, 97928),
	('arg', 'argentina', 'https://flagcdn.com/ar.svg', 'americas', 'buenos aires', 'south america', 2780400, 45376763),
	('arm', 'armenia', 'https://flagcdn.com/am.svg', 'asia', 'yerevan', 'western asia', 29743, 2963234),
	('abw', 'aruba', 'https://flagcdn.com/aw.svg', 'americas', 'oranjestad', 'caribbean', 180, 106766),
	('aus', 'australia', 'https://flagcdn.com/au.svg', 'oceania', 'canberra', 'australia and new zealand', 7692024, 25687041),
	('aut', 'austria', 'https://flagcdn.com/at.svg', 'europe', 'vienna', 'central europe', 83871, 8917205),
	('aze', 'azerbaijan', 'https://flagcdn.com/az.svg', 'asia', 'baku', 'western asia', 86600, 10110116),
	('bhs', 'bahamas', 'https://flagcdn.com/bs.svg', 'americas', 'nassau', 'caribbean', 13943, 393248),
	('bhr', 'bahrain', 'https://flagcdn.com/bh.svg', 'asia', 'manama', 'western asia', 765, 1701583),
	('bgd', 'bangladesh', 'https://flagcdn.com/bd.svg', 'asia', 'dhaka', 'southern asia', 147570, 164689383),
	('brb', 'barbados', 'https://flagcdn.com/bb.svg', 'americas', 'bridgetown', 'caribbean', 430, 287371),
	('blr', 'belarus', 'https://flagcdn.com/by.svg', 'europe', 'minsk', 'eastern europe', 207600, 9398861),
	('bel', 'belgium', 'https://flagcdn.com/be.svg', 'europe', 'brussels', 'western europe', 30528, 11555997),
	('blz', 'belize', 'https://flagcdn.com/bz.svg', 'americas', 'belmopan', 'central america', 22966, 397621),
	('ben', 'benin', 'https://flagcdn.com/bj.svg', 'africa', 'porto-novo', 'western africa', 112622, 12123198),
	('bmu', 'bermuda', 'https://flagcdn.com/bm.svg', 'americas', 'hamilton', 'northern america', 54, 63903),
	('btn', 'bhutan', 'https://flagcdn.com/bt.svg', 'asia', 'thimphu', 'southern asia', 38394, 771612),
	('bol', 'bolivia (plurinational state of)', 'https://flagcdn.com/bo.svg', 'americas', 'sucre', 'south america', 1098581, 11673029),
	('bes', 'bonaire, sint eustatius and saba', 'https://flagcdn.com/bq.svg', 'americas', 'kralendijk', 'caribbean', 294, 17408),
	('bih', 'bosnia and herzegovina', 'https://flagcdn.com/ba.svg', 'europe', 'sarajevo', 'southern europe', 51209, 3280815),
	('bwa', 'botswana', 'https://flagcdn.com/bw.svg', 'africa', 'gaborone', 'southern africa', 582000, 2351625),
	('bvt', 'bouvet island', 'https://flagcdn.com/bv.svg', 'antarctic ocean', '', 'south antarctic ocean', 49, 0),
	('bra', 'brazil', 'https://flagcdn.com/br.svg', 'americas', 'brasília', 'south america', 8515767, 212559409),
	('iot', 'british indian ocean territory', 'https://flagcdn.com/io.svg', 'africa', 'diego garcia', 'eastern africa', 60, 3000),
	('vgb', 'virgin islands (british)', 'https://flagcdn.com/vg.svg', 'americas', 'road town', 'caribbean', 151, 30237),
	('vir', 'virgin islands (u.s.)', 'https://flagcdn.com/vi.svg', 'americas', 'charlotte amalie', 'caribbean', 346.36, 106290),
	('brn', 'brunei darussalam', 'https://flagcdn.com/bn.svg', 'asia', 'bandar seri begawan', 'south-eastern asia', 5765, 437483),
	('bgr', 'bulgaria', 'https://flagcdn.com/bg.svg', 'europe', 'sofia', 'eastern europe', 110879, 6927288),
	('bfa', 'burkina faso', 'https://flagcdn.com/bf.svg', 'africa', 'ouagadougou', 'western africa', 272967, 20903278),
	('bdi', 'burundi', 'https://flagcdn.com/bi.svg', 'africa', 'gitega', 'eastern africa', 27834, 11890781),
	('khm', 'cambodia', 'https://flagcdn.com/kh.svg', 'asia', 'phnom penh', 'south-eastern asia', 181035, 16718971),
	('cmr', 'cameroon', 'https://flagcdn.com/cm.svg', 'africa', 'yaoundé', 'middle africa', 475442, 26545864),
	('can', 'canada', 'https://flagcdn.com/ca.svg', 'americas', 'ottawa', 'northern america', 9984670, 38005238),
	('cpv', 'cabo verde', 'https://flagcdn.com/cv.svg', 'africa', 'praia', 'western africa', 4033, 555988),
	('cym', 'cayman islands', 'https://flagcdn.com/ky.svg', 'americas', 'george town', 'caribbean', 264, 65720),
	('caf', 'central african republic', 'https://flagcdn.com/cf.svg', 'africa', 'bangui', 'middle africa', 622984, 4829764),
	('tcd', 'chad', 'https://flagcdn.com/td.svg', 'africa', 'n''djamena', 'middle africa', 1284000, 16425859),
	('chl', 'chile', 'https://flagcdn.com/cl.svg', 'americas', 'santiago', 'south america', 756102, 19116209),
	('chn', 'china', 'https://flagcdn.com/cn.svg', 'asia', 'beijing', 'eastern asia', 9640011, 1402112000),
	('cxr', 'christmas island', 'https://flagcdn.com/cx.svg', 'oceania', 'flying fish cove', 'australia and new zealand', 135, 2072),
	('cck', 'cocos (keeling) islands', 'https://flagcdn.com/cc.svg', 'oceania', 'west island', 'australia and new zealand', 14, 550),
	('col', 'colombia', 'https://flagcdn.com/co.svg', 'americas', 'bogotá', 'south america', 1141748, 50882884),
	('com', 'comoros', 'https://flagcdn.com/km.svg', 'africa', 'moroni', 'eastern africa', 1862, 869595),
	('cog', 'congo', 'https://flagcdn.com/cg.svg', 'africa', 'brazzaville', 'middle africa', 342000, 5518092),
	('cod', 'congo (democratic republic of the)', 'https://flagcdn.com/cd.svg', 'africa', 'kinshasa', 'middle africa', 2344858, 89561404),
	('cok', 'cook islands', 'https://flagcdn.com/ck.svg', 'oceania', 'avarua', 'polynesia', 236, 18100),
	('cri', 'costa rica', 'https://flagcdn.com/cr.svg', 'americas', 'san josé', 'central america', 51100, 5094114),
	('hrv', 'croatia', 'https://flagcdn.com/hr.svg', 'europe', 'zagreb', 'southern europe', 56594, 4047200),
	('cub', 'cuba', 'https://flagcdn.com/cu.svg', 'americas', 'havana', 'caribbean', 109884, 11326616),
	('cuw', 'curaçao', 'https://flagcdn.com/cw.svg', 'americas', 'willemstad', 'caribbean', 444, 155014),
	('cyp', 'cyprus', 'https://flagcdn.com/cy.svg', 'europe', 'nicosia', 'southern europe', 9251, 1207361),
	('cze', 'czech republic', 'https://flagcdn.com/cz.svg', 'europe', 'prague', 'central europe', 78865, 10698896),
	('dnk', 'denmark', 'https://flagcdn.com/dk.svg', 'europe', 'copenhagen', 'northern europe', 43094, 5831404),
	('dji', 'djibouti', 'https://flagcdn.com/dj.svg', 'africa', 'djibouti', 'eastern africa', 23200, 988002),
	('dma', 'dominica', 'https://flagcdn.com/dm.svg', 'americas', 'roseau', 'caribbean', 751, 71991),
	('dom', 'dominican republic', 'https://flagcdn.com/do.svg', 'americas', 'santo domingo', 'caribbean', 48671, 10847904),
	('ecu', 'ecuador', 'https://flagcdn.com/ec.svg', 'americas', 'quito', 'south america', 276841, 17643060),
	('egy', 'egypt', 'https://flagcdn.com/eg.svg', 'africa', 'cairo', 'northern africa', 1002450, 102334403),
	('slv', 'el salvador', 'https://flagcdn.com/sv.svg', 'americas', 'san salvador', 'central america', 21041, 6486201),
	('gnq', 'equatorial guinea', 'https://flagcdn.com/gq.svg', 'africa', 'malabo', 'middle africa', 28051, 1402985),
	('eri', 'eritrea', 'https://flagcdn.com/er.svg', 'africa', 'asmara', 'eastern africa', 117600, 5352000),
	('est', 'estonia', 'https://flagcdn.com/ee.svg', 'europe', 'tallinn', 'northern europe', 45227, 1331057),
	('eth', 'ethiopia', 'https://flagcdn.com/et.svg', 'africa', 'addis ababa', 'eastern africa', 1104300, 114963583),
	('flk', 'falkland islands (malvinas)', 'https://flagcdn.com/fk.svg', 'americas', 'stanley', 'south america', 12173, 2563),
	('fro', 'faroe islands', 'https://flagcdn.com/fo.svg', 'europe', 'tórshavn', 'northern europe', 1393, 48865),
	('fji', 'fiji', 'https://flagcdn.com/fj.svg', 'oceania', 'suva', 'melanesia', 18272, 896444),
	('fin', 'finland', 'https://flagcdn.com/fi.svg', 'europe', 'helsinki', 'northern europe', 338424, 5530719),
	('fra', 'france', 'https://flagcdn.com/fr.svg', 'europe', 'paris', 'western europe', 640679, 67391582),
	('pyf', 'french polynesia', 'https://flagcdn.com/pf.svg', 'oceania', 'papeetē', 'polynesia', 4167, 280904),
	('atf', 'french southern territories', 'https://flagcdn.com/tf.svg', 'africa', 'port-aux-français', 'southern africa', 7747, 140),
	('gab', 'gabon', 'https://flagcdn.com/ga.svg', 'africa', 'libreville', 'middle africa', 267668, 2225728),
	('gmb', 'gambia', 'https://flagcdn.com/gm.svg', 'africa', 'banjul', 'western africa', 11295, 2416664),
	('geo', 'georgia', 'https://flagcdn.com/ge.svg', 'asia', 'tbilisi', 'western asia', 69700, 3714000),
	('deu', 'germany', 'https://flagcdn.com/de.svg', 'europe', 'berlin', 'central europe', 357114, 83240525),
	('gha', 'ghana', 'https://flagcdn.com/gh.svg', 'africa', 'accra', 'western africa', 238533, 31072945),
	('grc', 'greece', 'https://flagcdn.com/gr.svg', 'europe', 'athens', 'southern europe', 131990, 10715549),
	('grl', 'greenland', 'https://flagcdn.com/gl.svg', 'americas', 'nuuk', 'northern america', 2166086, 56367),
	('grd', 'grenada', 'https://flagcdn.com/gd.svg', 'americas', 'st. george''s', 'caribbean', 344, 112519),
	('gum', 'guam', 'https://flagcdn.com/gu.svg', 'oceania', 'hagåtña', 'micronesia', 549, 168783),
	('gtm', 'guatemala', 'https://flagcdn.com/gt.svg', 'americas', 'guatemala city', 'central america', 108889, 16858333),
	('ggy', 'guernsey', 'https://flagcdn.com/gg.svg', 'europe', 'st. peter port', 'northern europe', 78, 62999),
	('gin', 'guinea', 'https://flagcdn.com/gn.svg', 'africa', 'conakry', 'western africa', 245857, 13132792),
	('gnb', 'guinea-bissau', 'https://flagcdn.com/gw.svg', 'africa', 'bissau', 'western africa', 36125, 1967998),
	('guy', 'guyana', 'https://flagcdn.com/gy.svg', 'americas', 'georgetown', 'south america', 214969, 786559),
	('hti', 'haiti', 'https://flagcdn.com/ht.svg', 'americas', 'port-au-prince', 'caribbean', 27750, 11402533),
	('hmd', 'heard island and mcdonald islands', 'https://flagcdn.com/hm.svg', 'antarctic', '', 'antarctic', 412, 0),
	('vat', 'vatican city', 'https://flagcdn.com/va.svg', 'europe', 'vatican city', 'southern europe', 0.44, 451),
	('hnd', 'honduras', 'https://flagcdn.com/hn.svg', 'americas', 'tegucigalpa', 'central america', 112492, 9904608),
	('hun', 'hungary', 'https://flagcdn.com/hu.svg', 'europe', 'budapest', 'central europe', 93028, 9749763),
	('hkg', 'hong kong', 'https://flagcdn.com/hk.svg', 'asia', 'city of victoria', 'eastern asia', 1104, 7481800),
	('isl', 'iceland', 'https://flagcdn.com/is.svg', 'europe', 'reykjavík', 'northern europe', 103000, 366425),
	('ind', 'india', 'https://flagcdn.com/in.svg', 'asia', 'new delhi', 'southern asia', 3287590, 1380004385),
	('idn', 'indonesia', 'https://flagcdn.com/id.svg', 'asia', 'jakarta', 'south-eastern asia', 1904569, 273523621),
	('civ', 'ivory coast', 'https://flagcdn.com/ci.svg', 'africa', 'yamoussoukro', 'western africa', 322463, 26378275),
	('irn', 'iran (islamic republic of)', 'https://flagcdn.com/ir.svg', 'asia', 'tehran', 'southern asia', 1648195, 83992953),
	('irq', 'iraq', 'https://flagcdn.com/iq.svg', 'asia', 'baghdad', 'western asia', 438317, 40222503),
	('irl', 'ireland', 'https://flagcdn.com/ie.svg', 'europe', 'dublin', 'northern europe', 70273, 4994724),
	('imn', 'isle of man', 'https://flagcdn.com/im.svg', 'europe', 'douglas', 'northern europe', 572, 85032),
	('isr', 'israel', 'https://flagcdn.com/il.svg', 'asia', 'jerusalem', 'western asia', 20770, 9216900),
	('ita', 'italy', 'https://flagcdn.com/it.svg', 'europe', 'rome', 'southern europe', 301336, 59554023),
	('jam', 'jamaica', 'https://flagcdn.com/jm.svg', 'americas', 'kingston', 'caribbean', 10991, 2961161),
	('jpn', 'japan', 'https://flagcdn.com/jp.svg', 'asia', 'tokyo', 'eastern asia', 377930, 125836021),
	('jey', 'jersey', 'https://flagcdn.com/je.svg', 'europe', 'saint helier', 'northern europe', 116, 100800),
	('jor', 'jordan', 'https://flagcdn.com/jo.svg', 'asia', 'amman', 'western asia', 89342, 10203140),
	('kaz', 'kazakhstan', 'https://flagcdn.com/kz.svg', 'asia', 'nur-sultan', 'central asia', 2724900, 18754440),
	('ken', 'kenya', 'https://flagcdn.com/ke.svg', 'africa', 'nairobi', 'eastern africa', 580367, 53771300),
	('kir', 'kiribati', 'https://flagcdn.com/ki.svg', 'oceania', 'south tarawa', 'micronesia', 811, 119446),
	('kwt', 'kuwait', 'https://flagcdn.com/kw.svg', 'asia', 'kuwait city', 'western asia', 17818, 4270563),
	('kgz', 'kyrgyzstan', 'https://flagcdn.com/kg.svg', 'asia', 'bishkek', 'central asia', 199951, 6591600),
	('lao', 'lao people''s democratic republic', 'https://flagcdn.com/la.svg', 'asia', 'vientiane', 'south-eastern asia', 236800, 7275556),
	('lva', 'latvia', 'https://flagcdn.com/lv.svg', 'europe', 'riga', 'northern europe', 64559, 1901548),
	('lbn', 'lebanon', 'https://flagcdn.com/lb.svg', 'asia', 'beirut', 'western asia', 10452, 6825442),
	('lso', 'lesotho', 'https://flagcdn.com/ls.svg', 'africa', 'maseru', 'southern africa', 30355, 2142252),
	('lbr', 'liberia', 'https://flagcdn.com/lr.svg', 'africa', 'monrovia', 'western africa', 111369, 5057677),
	('lby', 'libya', 'https://flagcdn.com/ly.svg', 'africa', 'tripoli', 'northern africa', 1759540, 6871287),
	('lie', 'liechtenstein', 'https://flagcdn.com/li.svg', 'europe', 'vaduz', 'central europe', 160, 38137),
	('ltu', 'lithuania', 'https://flagcdn.com/lt.svg', 'europe', 'vilnius', 'northern europe', 65300, 2794700),
	('lux', 'luxembourg', 'https://flagcdn.com/lu.svg', 'europe', 'luxembourg', 'western europe', 2586, 632275),
	('mac', 'macao', 'https://flagcdn.com/mo.svg', 'asia', '', 'eastern asia', 30, 649342),
	('mkd', 'north macedonia', 'https://flagcdn.com/mk.svg', 'europe', 'skopje', 'southern europe', 25713, 2083380),
	('mdg', 'madagascar', 'https://flagcdn.com/mg.svg', 'africa', 'antananarivo', 'eastern africa', 587041, 27691019),
	('glp', 'guadeloupe', 'https://flagcdn.com/gp.svg', 'americas', 'basse-terre', 'caribbean', 1628, 400132),
	('gib', 'gibraltar', 'https://flagcdn.com/gi.svg', 'europe', 'gibraltar', 'southern europe', 6.8, 33691),
	('mwi', 'malawi', 'https://flagcdn.com/mw.svg', 'africa', 'lilongwe', 'eastern africa', 118484, 19129955),
	('mys', 'malaysia', 'https://flagcdn.com/my.svg', 'asia', 'kuala lumpur', 'south-eastern asia', 330803, 32365998),
	('mdv', 'maldives', 'https://flagcdn.com/mv.svg', 'asia', 'malé', 'southern asia', 300, 540542),
	('mli', 'mali', 'https://flagcdn.com/ml.svg', 'africa', 'bamako', 'western africa', 1240192, 20250834),
	('mlt', 'malta', 'https://flagcdn.com/mt.svg', 'europe', 'valletta', 'southern europe', 316, 525285),
	('mhl', 'marshall islands', 'https://flagcdn.com/mh.svg', 'oceania', 'majuro', 'micronesia', 181, 59194),
	('mrt', 'mauritania', 'https://flagcdn.com/mr.svg', 'africa', 'nouakchott', 'western africa', 1030700, 4649660),
	('mus', 'mauritius', 'https://flagcdn.com/mu.svg', 'africa', 'port louis', 'eastern africa', 2040, 1265740),
	('mex', 'mexico', 'https://flagcdn.com/mx.svg', 'americas', 'mexico city', 'north america', 1964375, 128932753),
	('fsm', 'micronesia (federated states of)', 'https://flagcdn.com/fm.svg', 'oceania', 'palikir', 'micronesia', 702, 115021),
	('mda', 'moldova (republic of)', 'https://flagcdn.com/md.svg', 'europe', 'chișinău', 'eastern europe', 33846, 2617820),
	('mco', 'monaco', 'https://flagcdn.com/mc.svg', 'europe', 'monaco', 'western europe', 2.02, 39244),
	('mng', 'mongolia', 'https://flagcdn.com/mn.svg', 'asia', 'ulan bator', 'eastern asia', 1564110, 3278292),
	('mne', 'montenegro', 'https://flagcdn.com/me.svg', 'europe', 'podgorica', 'southern europe', 13812, 621718),
	('msr', 'montserrat', 'https://flagcdn.com/ms.svg', 'americas', 'plymouth', 'caribbean', 102, 4922),
	('mar', 'morocco', 'https://flagcdn.com/ma.svg', 'africa', 'rabat', 'northern africa', 446550, 36910558),
	('moz', 'mozambique', 'https://flagcdn.com/mz.svg', 'africa', 'maputo', 'eastern africa', 801590, 31255435),
	('mmr', 'myanmar', 'https://flagcdn.com/mm.svg', 'asia', 'naypyidaw', 'south-eastern asia', 676578, 54409794),
	('nam', 'namibia', 'https://flagcdn.com/na.svg', 'africa', 'windhoek', 'southern africa', 825615, 2540916),
	('nru', 'nauru', 'https://flagcdn.com/nr.svg', 'oceania', 'yaren', 'micronesia', 21, 10834),
	('npl', 'nepal', 'https://flagcdn.com/np.svg', 'asia', 'kathmandu', 'southern asia', 147181, 29136808),
	('nld', 'netherlands', 'https://flagcdn.com/nl.svg', 'europe', 'amsterdam', 'western europe', 41850, 17441139),
	('ncl', 'new caledonia', 'https://flagcdn.com/nc.svg', 'oceania', 'nouméa', 'melanesia', 18575, 271960),
	('nzl', 'new zealand', 'https://flagcdn.com/nz.svg', 'oceania', 'wellington', 'australia and new zealand', 270467, 5084300),
	('nic', 'nicaragua', 'https://flagcdn.com/ni.svg', 'americas', 'managua', 'central america', 130373, 6624554),
	('ner', 'niger', 'https://flagcdn.com/ne.svg', 'africa', 'niamey', 'western africa', 1267000, 24206636),
	('nga', 'nigeria', 'https://flagcdn.com/ng.svg', 'africa', 'abuja', 'western africa', 923768, 206139587),
	('niu', 'niue', 'https://flagcdn.com/nu.svg', 'oceania', 'alofi', 'polynesia', 260, 1470),
	('nfk', 'norfolk island', 'https://flagcdn.com/nf.svg', 'oceania', 'kingston', 'australia and new zealand', 36, 2302),
	('prk', 'korea (democratic people''s republic of)', 'https://flagcdn.com/kp.svg', 'asia', 'pyongyang', 'eastern asia', 120538, 25778815),
	('mnp', 'northern mariana islands', 'https://flagcdn.com/mp.svg', 'oceania', 'saipan', 'micronesia', 464, 57557),
	('nor', 'norway', 'https://flagcdn.com/no.svg', 'europe', 'oslo', 'northern europe', 323802, 5379475),
	('omn', 'oman', 'https://flagcdn.com/om.svg', 'asia', 'muscat', 'western asia', 309500, 5106622),
	('pak', 'pakistan', 'https://flagcdn.com/pk.svg', 'asia', 'islamabad', 'southern asia', 881912, 220892331),
	('plw', 'palau', 'https://flagcdn.com/pw.svg', 'oceania', 'ngerulmud', 'micronesia', 459, 18092),
	('pan', 'panama', 'https://flagcdn.com/pa.svg', 'americas', 'panama city', 'central america', 75417, 4314768),
	('png', 'papua new guinea', 'https://flagcdn.com/pg.svg', 'oceania', 'port moresby', 'melanesia', 462840, 8947027),
	('pry', 'paraguay', 'https://flagcdn.com/py.svg', 'americas', 'asunción', 'south america', 406752, 7132530),
	('per', 'peru', 'https://flagcdn.com/pe.svg', 'americas', 'lima', 'south america', 1285216, 32971846),
	('phl', 'philippines', 'https://flagcdn.com/ph.svg', 'asia', 'manila', 'south-eastern asia', 342353, 109581085),
	('pcn', 'pitcairn', 'https://flagcdn.com/pn.svg', 'oceania', 'adamstown', 'polynesia', 47, 56),
	('pol', 'poland', 'https://flagcdn.com/pl.svg', 'europe', 'warsaw', 'central europe', 312679, 37950802),
	('prt', 'portugal', 'https://flagcdn.com/pt.svg', 'europe', 'lisbon', 'southern europe', 92090, 10305564),
	('pri', 'puerto rico', 'https://flagcdn.com/pr.svg', 'americas', 'san juan', 'caribbean', 8870, 3194034),
	('qat', 'qatar', 'https://flagcdn.com/qa.svg', 'asia', 'doha', 'western asia', 11586, 2881060),
	('unk', 'republic of kosovo', 'https://flagcdn.com/xk.svg', 'europe', 'pristina', 'eastern europe', 10908, 1775378),
	('rou', 'romania', 'https://flagcdn.com/ro.svg', 'europe', 'bucharest', 'eastern europe', 238391, 19286123),
	('rus', 'russian federation', 'https://flagcdn.com/ru.svg', 'europe', 'moscow', 'eastern europe', 17124442, 144104080),
	('rwa', 'rwanda', 'https://flagcdn.com/rw.svg', 'africa', 'kigali', 'eastern africa', 26338, 12952209),
	('blm', 'saint barthélemy', 'https://flagcdn.com/bl.svg', 'americas', 'gustavia', 'caribbean', 21, 9417),
	('kna', 'saint kitts and nevis', 'https://flagcdn.com/kn.svg', 'americas', 'basseterre', 'caribbean', 261, 53192),
	('lca', 'saint lucia', 'https://flagcdn.com/lc.svg', 'americas', 'castries', 'caribbean', 616, 183629),
	('maf', 'saint martin (french part)', 'https://flagcdn.com/mf.svg', 'americas', 'marigot', 'caribbean', 53, 38659),
	('spm', 'saint pierre and miquelon', 'https://flagcdn.com/pm.svg', 'americas', 'saint-pierre', 'northern america', 242, 6069),
	('vct', 'saint vincent and the grenadines', 'https://flagcdn.com/vc.svg', 'americas', 'kingstown', 'caribbean', 389, 110947),
	('wsm', 'samoa', 'https://flagcdn.com/ws.svg', 'oceania', 'apia', 'polynesia', 2842, 198410),
	('smr', 'san marino', 'https://flagcdn.com/sm.svg', 'europe', 'city of san marino', 'southern europe', 61, 33938),
	('stp', 'sao tome and principe', 'https://flagcdn.com/st.svg', 'africa', 'são tomé', 'middle africa', 964, 219161),
	('sau', 'saudi arabia', 'https://flagcdn.com/sa.svg', 'asia', 'riyadh', 'western asia', 2149690, 34813867),
	('sen', 'senegal', 'https://flagcdn.com/sn.svg', 'africa', 'dakar', 'western africa', 196722, 16743930),
	('srb', 'serbia', 'https://flagcdn.com/rs.svg', 'europe', 'belgrade', 'southern europe', 88361, 6908224),
	('myt', 'mayotte', 'https://flagcdn.com/yt.svg', 'africa', 'mamoudzou', 'eastern africa', 368, 226915),
	('shn', 'saint helena, ascension and tristan da cunha', 'https://flagcdn.com/sh.svg', 'africa', 'jamestown', 'western africa', 121.7, 4255),
	('pse', 'palestine, state of', 'https://flagcdn.com/ps.svg', 'asia', 'ramallah', 'western asia', 6020, 4803269),
	('reu', 'réunion', 'https://flagcdn.com/re.svg', 'africa', 'saint-denis', 'eastern africa', 2512, 840974),
	('syc', 'seychelles', 'https://flagcdn.com/sc.svg', 'africa', 'victoria', 'eastern africa', 452, 98462),
	('sle', 'sierra leone', 'https://flagcdn.com/sl.svg', 'africa', 'freetown', 'western africa', 71740, 7976985),
	('sgp', 'singapore', 'https://flagcdn.com/sg.svg', 'asia', 'singapore', 'south-eastern asia', 710, 5685807),
	('sxm', 'sint maarten (dutch part)', 'https://flagcdn.com/sx.svg', 'americas', 'philipsburg', 'caribbean', 34, 40812),
	('svk', 'slovakia', 'https://flagcdn.com/sk.svg', 'europe', 'bratislava', 'central europe', 49037, 5458827),
	('svn', 'slovenia', 'https://flagcdn.com/si.svg', 'europe', 'ljubljana', 'southern europe', 20273, 2100126),
	('slb', 'solomon islands', 'https://flagcdn.com/sb.svg', 'oceania', 'honiara', 'melanesia', 28896, 686878),
	('som', 'somalia', 'https://flagcdn.com/so.svg', 'africa', 'mogadishu', 'eastern africa', 637657, 15893219),
	('zaf', 'south africa', 'https://flagcdn.com/za.svg', 'africa', 'pretoria', 'southern africa', 1221037, 59308690),
	('kor', 'korea (republic of)', 'https://flagcdn.com/kr.svg', 'asia', 'seoul', 'eastern asia', 100210, 51780579),
	('esp', 'spain', 'https://flagcdn.com/es.svg', 'europe', 'madrid', 'southern europe', 505992, 47351567),
	('lka', 'sri lanka', 'https://flagcdn.com/lk.svg', 'asia', 'sri jayawardenepura kotte', 'southern asia', 65610, 21919000),
	('sdn', 'sudan', 'https://flagcdn.com/sd.svg', 'africa', 'khartoum', 'northern africa', 1886068, 43849269),
	('ssd', 'south sudan', 'https://flagcdn.com/ss.svg', 'africa', 'juba', 'middle africa', 619745, 11193729),
	('sur', 'suriname', 'https://flagcdn.com/sr.svg', 'americas', 'paramaribo', 'south america', 163820, 586634),
	('swz', 'swaziland', 'https://flagcdn.com/sz.svg', 'africa', 'mbabane', 'southern africa', 17364, 1160164),
	('swe', 'sweden', 'https://flagcdn.com/se.svg', 'europe', 'stockholm', 'northern europe', 450295, 10353442),
	('che', 'switzerland', 'https://flagcdn.com/ch.svg', 'europe', 'bern', 'central europe', 41284, 8636896),
	('syr', 'syrian arab republic', 'https://flagcdn.com/sy.svg', 'asia', 'damascus', 'western asia', 185180, 17500657),
	('twn', 'taiwan', 'https://flagcdn.com/tw.svg', 'asia', 'taipei', 'eastern asia', 36193, 23503349),
	('tjk', 'tajikistan', 'https://flagcdn.com/tj.svg', 'asia', 'dushanbe', 'central asia', 143100, 9537642),
	('tza', 'tanzania, united republic of', 'https://flagcdn.com/tz.svg', 'africa', 'dodoma', 'eastern africa', 945087, 59734213),
	('tha', 'thailand', 'https://flagcdn.com/th.svg', 'asia', 'bangkok', 'south-eastern asia', 513120, 69799978),
	('tls', 'timor-leste', 'https://flagcdn.com/tl.svg', 'asia', 'dili', 'south-eastern asia', 14874, 1318442),
	('tgo', 'togo', 'https://flagcdn.com/tg.svg', 'africa', 'lomé', 'western africa', 56785, 8278737),
	('tkl', 'tokelau', 'https://flagcdn.com/tk.svg', 'oceania', 'fakaofo', 'polynesia', 12, 1411),
	('ton', 'tonga', 'https://flagcdn.com/to.svg', 'oceania', 'nuku''alofa', 'polynesia', 747, 105697),
	('tto', 'trinidad and tobago', 'https://flagcdn.com/tt.svg', 'americas', 'port of spain', 'caribbean', 5130, 1399491),
	('tun', 'tunisia', 'https://flagcdn.com/tn.svg', 'africa', 'tunis', 'northern africa', 163610, 11818618),
	('tur', 'turkey', 'https://flagcdn.com/tr.svg', 'asia', 'ankara', 'western asia', 783562, 84339067),
	('tkm', 'turkmenistan', 'https://flagcdn.com/tm.svg', 'asia', 'ashgabat', 'central asia', 488100, 6031187),
	('tca', 'turks and caicos islands', 'https://flagcdn.com/tc.svg', 'americas', 'cockburn town', 'caribbean', 948, 38718),
	('tuv', 'tuvalu', 'https://flagcdn.com/tv.svg', 'oceania', 'funafuti', 'polynesia', 26, 11792),
	('uga', 'uganda', 'https://flagcdn.com/ug.svg', 'africa', 'kampala', 'eastern africa', 241550, 45741000),
	('ukr', 'ukraine', 'https://flagcdn.com/ua.svg', 'europe', 'kyiv', 'eastern europe', 603700, 44134693),
	('are', 'united arab emirates', 'https://flagcdn.com/ae.svg', 'asia', 'abu dhabi', 'western asia', 83600, 9890400),
	('gbr', 'united kingdom of great britain and northern ireland', 'https://flagcdn.com/gb.svg', 'europe', 'london', 'northern europe', 242900, 67215293),
	('usa', 'united states of america', 'https://flagcdn.com/us.svg', 'americas', 'washington, d.c.', 'northern america', 9629091, 329484123),
	('ury', 'uruguay', 'https://flagcdn.com/uy.svg', 'americas', 'montevideo', 'south america', 181034, 3473727),
	('uzb', 'uzbekistan', 'https://flagcdn.com/uz.svg', 'asia', 'tashkent', 'central asia', 447400, 34232050),
	('vut', 'vanuatu', 'https://flagcdn.com/vu.svg', 'oceania', 'port vila', 'melanesia', 12189, 307150),
	('ven', 'venezuela (bolivarian republic of)', 'https://flagcdn.com/ve.svg', 'americas', 'caracas', 'south america', 916445, 28435943),
	('vnm', 'vietnam', 'https://flagcdn.com/vn.svg', 'asia', 'hanoi', 'south-eastern asia', 331212, 97338583),
	('wlf', 'wallis and futuna', 'https://flagcdn.com/wf.svg', 'oceania', 'mata-utu', 'polynesia', 142, 11750),
	('esh', 'western sahara', 'https://flagcdn.com/eh.svg', 'africa', 'el aaiún', 'northern africa', 266000, 510713),
	('yem', 'yemen', 'https://flagcdn.com/ye.svg', 'asia', 'sana''a', 'western asia', 527968, 29825968),
	('zmb', 'zambia', 'https://flagcdn.com/zm.svg', 'africa', 'lusaka', 'eastern africa', 752618, 18383956),
	('zwe', 'zimbabwe', 'https://flagcdn.com/zw.svg', 'africa', 'harare', 'southern africa', 390757, 14862927),
	('guf', 'french guiana', 'https://flagcdn.com/gf.svg', 'americas', 'cayenne', 'south america', 83846, 254541),
	('mtq', 'martinique', 'https://flagcdn.com/mq.svg', 'americas', 'fort-de-france', 'caribbean', 1060, 378243),
	('sjm', 'svalbard and jan mayen', 'https://flagcdn.com/sj.svg', 'europe', 'longyearbyen', 'northern europe', 61022, 2562),
	('sgs', 'south georgia and the south sandwich islands', 'https://flagcdn.com/gs.svg', 'americas', 'king edward point', 'south america', 3903, 30),
	('umi', 'united states minor outlying islands', 'https://flagcdn.com/um.svg', 'americas', '', 'northern america', 34.2, 300);
	
CREATE TABLE IF NOT EXISTS "countries_activities" (
	"id" INTEGER NOT NULL DEFAULT 'nextval(''countries_activities_id_seq''::regclass)',
	"alpha3Code" VARCHAR(3) NOT NULL,
	"activity_id" INTEGER NOT NULL,
	PRIMARY KEY ("id", "alpha3Code", "activity_id"),
	UNIQUE INDEX "countries_activities_alpha3Code_activity_id_key" ("alpha3Code", "activity_id"),
	CONSTRAINT "countries_activities_activity_id_fkey" FOREIGN KEY ("activity_id") REFERENCES "public"."activities" ("id") ON UPDATE CASCADE ON DELETE CASCADE,
	CONSTRAINT "countries_activities_alpha3Code_fkey" FOREIGN KEY ("alpha3Code") REFERENCES "public"."countries" ("alpha3Code") ON UPDATE CASCADE ON DELETE CASCADE
);

INSERT INTO "countries_activities" ("id", "alpha3Code", "activity_id") VALUES
	(112, 'afg', 42),
	(113, 'ala', 42),
	(114, 'alb', 42),
	(115, 'dza', 42),
	(116, 'afg', 43),
	(117, 'ala', 43),
	(118, 'alb', 43),
	(119, 'asm', 43),
	(129, 'col', 42),
	(136, 'grd', 42),
	(137, 'pak', 43),
	(139, 'aia', 43),
	(143, 'zwe', 42),
	(144, 'zmb', 42),
	(145, 'yem', 42),
	(146, 'esh', 42),
	(152, 'arg', 42),
	(153, 'arg', 43),
	(154, 'zwe', 47),
	(155, 'zmb', 47),
	(156, 'yem', 47),
	(157, 'esh', 47),
	(159, 'bra', 42),
	(160, 'bra', 43),
	(161, 'bra', 47);
