
INSERT INTO "activities" ("name", "difficulty", "season", "duration") VALUES
	('Aqua Travel', 2, 'spring', '09:02:02'),
	('After Partty', 4, 'summer', '15:00:00'),
	('Avistamiento de ballenas', 1, 'fall', '01:00:00'),
	('boley playa', 3, 'Summer', '02:00:23'),
	('Cayacks', 5, 'Fall', '22:43:43'),
	('Caza deportiva', 1, 'fall', '01:00:00'),
	('Cocina Pick Nick', 3, 'Fall', '23:22:16'),
	('Ciclismo de montaña', 2, 'spring', '01:00:00'),
	('Ciclismo', 3, 'spring', '04:00:00'),
	('Exatlon', 1, 'fall', '01:00:00'),
	('Futbil playa', 1, 'fall', '01:00:00'),
	('Futbil americano', 1, 'fall', '01:00:00'),
	('Hackaton', 4, 'summer', '15:00:00'),
	('Jockie', 3, 'spring', '12:25:03'),
	('Kricket', 1, 'fall', '01:00:00'),
	('Ciclismo Mixto', 3, 'spring', '04:00:00'),
	('Nado con delfines', 1, 'fall', '01:00:00'),
	('Nado con tiburones', 1, 'fall', '01:00:00'),
	('Nado con ballenas', 1, 'fall', '01:00:00'),
	('Octatlon', 1, 'fall', '01:00:00'),
	('Pesca deportiva', 1, 'fall', '01:00:00'),
	('Pentatlon', 1, 'fall', '01:00:00'),
	('Rafting', 4, 'Spring', '17:48:46'),
	('Tiro', 1, 'fall', '01:00:00'),
	('Tiro con arco', 1, 'fall', '01:00:00'),
	('Triatlon', 1, 'fall', '01:00:00');

INSERT INTO "countries" ("alpha3Code", "name", "flag", "region", "capital", "subregion", "area", "population") VALUES
	('afg', 'afghanistan', 'https://upload.wikimedia.org/wikipedia/commons/thumb/5/5c/Flag_of_the_Taliban.svg/320px-Flag_of_the_Taliban.svg.png', 'asia', 'kabul', 'southern asia', 652230, 38928341),
	('ala', 'åland islands', 'https://flagcdn.com/w320/ax.png', 'europe', 'mariehamn', 'northern europe', 1580, 28875),
	('alb', 'albania', 'https://flagcdn.com/w320/al.png', 'europe', 'tirana', 'southern europe', 28748, 2837743),
	('dza', 'algeria', 'https://flagcdn.com/w320/dz.png', 'africa', 'algiers', 'northern africa', 2381741, 43851043),
	('asm', 'american samoa', 'https://flagcdn.com/w320/as.png', 'oceania', 'pago pago', 'polynesia', 199, 55197),
	('and', 'andorra', 'https://flagcdn.com/w320/ad.png', 'europe', 'andorra la vella', 'southern europe', 468, 77265),
	('ago', 'angola', 'https://flagcdn.com/w320/ao.png', 'africa', 'luanda', 'middle africa', 1246700, 32866268),
	('aia', 'anguilla', 'https://flagcdn.com/w320/ai.png', 'americas', 'the valley', 'caribbean', 91, 13452),
	('ata', 'antarctica', 'https://flagcdn.com/w320/aq.png', 'polar', '', 'antarctica', 14000000, 1000),
	('atg', 'antigua and barbuda', 'https://flagcdn.com/w320/ag.png', 'americas', 'saint john''s', 'caribbean', 442, 97928),
	('arg', 'argentina', 'https://flagcdn.com/w320/ar.png', 'americas', 'buenos aires', 'south america', 2780400, 45376763),
	('arm', 'armenia', 'https://flagcdn.com/w320/am.png', 'asia', 'yerevan', 'western asia', 29743, 2963234),
	('abw', 'aruba', 'https://flagcdn.com/w320/aw.png', 'americas', 'oranjestad', 'caribbean', 180, 106766),
	('aus', 'australia', 'https://flagcdn.com/w320/au.png', 'oceania', 'canberra', 'australia and new zealand', 7692024, 25687041),
	('aut', 'austria', 'https://flagcdn.com/w320/at.png', 'europe', 'vienna', 'central europe', 83871, 8917205),
	('aze', 'azerbaijan', 'https://flagcdn.com/w320/az.png', 'asia', 'baku', 'western asia', 86600, 10110116),
	('bhs', 'bahamas', 'https://flagcdn.com/w320/bs.png', 'americas', 'nassau', 'caribbean', 13943, 393248),
	('bhr', 'bahrain', 'https://flagcdn.com/w320/bh.png', 'asia', 'manama', 'western asia', 765, 1701583),
	('bgd', 'bangladesh', 'https://flagcdn.com/w320/bd.png', 'asia', 'dhaka', 'southern asia', 147570, 164689383),
	('brb', 'barbados', 'https://flagcdn.com/w320/bb.png', 'americas', 'bridgetown', 'caribbean', 430, 287371),
	('blr', 'belarus', 'https://flagcdn.com/w320/by.png', 'europe', 'minsk', 'eastern europe', 207600, 9398861),
	('bel', 'belgium', 'https://flagcdn.com/w320/be.png', 'europe', 'brussels', 'western europe', 30528, 11555997),
	('blz', 'belize', 'https://flagcdn.com/w320/bz.png', 'americas', 'belmopan', 'central america', 22966, 397621),
	('ben', 'benin', 'https://flagcdn.com/w320/bj.png', 'africa', 'porto-novo', 'western africa', 112622, 12123198),
	('bmu', 'bermuda', 'https://flagcdn.com/w320/bm.png', 'americas', 'hamilton', 'northern america', 54, 63903),
	('btn', 'bhutan', 'https://flagcdn.com/w320/bt.png', 'asia', 'thimphu', 'southern asia', 38394, 771612),
	('bol', 'bolivia (plurinational state of)', 'https://flagcdn.com/w320/bo.png', 'americas', 'sucre', 'south america', 1098581, 11673029),
	('bes', 'bonaire, sint eustatius and saba', 'https://flagcdn.com/w320/bq.png', 'americas', 'kralendijk', 'caribbean', 294, 17408),
	('bih', 'bosnia and herzegovina', 'https://flagcdn.com/w320/ba.png', 'europe', 'sarajevo', 'southern europe', 51209, 3280815),
	('bwa', 'botswana', 'https://flagcdn.com/w320/bw.png', 'africa', 'gaborone', 'southern africa', 582000, 2351625),
	('bvt', 'bouvet island', 'https://flagcdn.com/w320/bv.png', 'antarctic ocean', '', 'south antarctic ocean', 49, 0),
	('bra', 'brazil', 'https://flagcdn.com/w320/br.png', 'americas', 'brasília', 'south america', 8515767, 212559409),
	('iot', 'british indian ocean territory', 'https://flagcdn.com/w320/io.png', 'africa', 'diego garcia', 'eastern africa', 60, 3000),
	('umi', 'united states minor outlying islands', 'https://flagcdn.com/w320/um.png', 'americas', '', 'northern america', 0, 300),
	('vgb', 'virgin islands (british)', 'https://flagcdn.com/w320/vg.png', 'americas', 'road town', 'caribbean', 151, 30237),
	('vir', 'virgin islands (u.s.)', 'https://flagcdn.com/w320/vi.png', 'americas', 'charlotte amalie', 'caribbean', 346, 106290),
	('brn', 'brunei darussalam', 'https://flagcdn.com/w320/bn.png', 'asia', 'bandar seri begawan', 'south-eastern asia', 5765, 437483),
	('bgr', 'bulgaria', 'https://flagcdn.com/w320/bg.png', 'europe', 'sofia', 'eastern europe', 110879, 6927288),
	('bfa', 'burkina faso', 'https://flagcdn.com/w320/bf.png', 'africa', 'ouagadougou', 'western africa', 272967, 20903278),
	('bdi', 'burundi', 'https://flagcdn.com/w320/bi.png', 'africa', 'gitega', 'eastern africa', 27834, 11890781),
	('khm', 'cambodia', 'https://flagcdn.com/w320/kh.png', 'asia', 'phnom penh', 'south-eastern asia', 181035, 16718971),
	('cmr', 'cameroon', 'https://flagcdn.com/w320/cm.png', 'africa', 'yaoundé', 'middle africa', 475442, 26545864),
	('can', 'canada', 'https://flagcdn.com/w320/ca.png', 'americas', 'ottawa', 'northern america', 9984670, 38005238),
	('cpv', 'cabo verde', 'https://flagcdn.com/w320/cv.png', 'africa', 'praia', 'western africa', 4033, 555988),
	('cym', 'cayman islands', 'https://flagcdn.com/w320/ky.png', 'americas', 'george town', 'caribbean', 264, 65720),
	('caf', 'central african republic', 'https://flagcdn.com/w320/cf.png', 'africa', 'bangui', 'middle africa', 622984, 4829764),
	('tcd', 'chad', 'https://flagcdn.com/w320/td.png', 'africa', 'n''djamena', 'middle africa', 1284000, 16425859),
	('chl', 'chile', 'https://flagcdn.com/w320/cl.png', 'americas', 'santiago', 'south america', 756102, 19116209),
	('chn', 'china', 'https://flagcdn.com/w320/cn.png', 'asia', 'beijing', 'eastern asia', 9640011, 1402112000),
	('cxr', 'christmas island', 'https://flagcdn.com/w320/cx.png', 'oceania', 'flying fish cove', 'australia and new zealand', 135, 2072),
	('cck', 'cocos (keeling) islands', 'https://flagcdn.com/w320/cc.png', 'oceania', 'west island', 'australia and new zealand', 14, 550),
	('col', 'colombia', 'https://flagcdn.com/w320/co.png', 'americas', 'bogotá', 'south america', 1141748, 50882884),
	('com', 'comoros', 'https://flagcdn.com/w320/km.png', 'africa', 'moroni', 'eastern africa', 1862, 869595),
	('cog', 'congo', 'https://flagcdn.com/w320/cg.png', 'africa', 'brazzaville', 'middle africa', 342000, 5518092),
	('cod', 'congo (democratic republic of the)', 'https://flagcdn.com/w320/cd.png', 'africa', 'kinshasa', 'middle africa', 2344858, 89561404),
	('cok', 'cook islands', 'https://flagcdn.com/w320/ck.png', 'oceania', 'avarua', 'polynesia', 236, 18100),
	('cri', 'costa rica', 'https://flagcdn.com/w320/cr.png', 'americas', 'san josé', 'central america', 51100, 5094114),
	('hrv', 'croatia', 'https://flagcdn.com/w320/hr.png', 'europe', 'zagreb', 'southern europe', 56594, 4047200),
	('cub', 'cuba', 'https://flagcdn.com/w320/cu.png', 'americas', 'havana', 'caribbean', 109884, 11326616),
	('cuw', 'curaçao', 'https://flagcdn.com/w320/cw.png', 'americas', 'willemstad', 'caribbean', 444, 155014),
	('cyp', 'cyprus', 'https://flagcdn.com/w320/cy.png', 'europe', 'nicosia', 'southern europe', 9251, 1207361),
	('cze', 'czech republic', 'https://flagcdn.com/w320/cz.png', 'europe', 'prague', 'central europe', 78865, 10698896),
	('dnk', 'denmark', 'https://flagcdn.com/w320/dk.png', 'europe', 'copenhagen', 'northern europe', 43094, 5831404),
	('dji', 'djibouti', 'https://flagcdn.com/w320/dj.png', 'africa', 'djibouti', 'eastern africa', 23200, 988002),
	('dma', 'dominica', 'https://flagcdn.com/w320/dm.png', 'americas', 'roseau', 'caribbean', 751, 71991),
	('dom', 'dominican republic', 'https://flagcdn.com/w320/do.png', 'americas', 'santo domingo', 'caribbean', 48671, 10847904),
	('ecu', 'ecuador', 'https://flagcdn.com/w320/ec.png', 'americas', 'quito', 'south america', 276841, 17643060),
	('egy', 'egypt', 'https://flagcdn.com/w320/eg.png', 'africa', 'cairo', 'northern africa', 1002450, 102334403),
	('slv', 'el salvador', 'https://flagcdn.com/w320/sv.png', 'americas', 'san salvador', 'central america', 21041, 6486201),
	('gnq', 'equatorial guinea', 'https://flagcdn.com/w320/gq.png', 'africa', 'malabo', 'middle africa', 28051, 1402985),
	('eri', 'eritrea', 'https://flagcdn.com/w320/er.png', 'africa', 'asmara', 'eastern africa', 117600, 5352000),
	('est', 'estonia', 'https://flagcdn.com/w320/ee.png', 'europe', 'tallinn', 'northern europe', 45227, 1331057),
	('eth', 'ethiopia', 'https://flagcdn.com/w320/et.png', 'africa', 'addis ababa', 'eastern africa', 1104300, 114963583),
	('flk', 'falkland islands (malvinas)', 'https://flagcdn.com/w320/fk.png', 'americas', 'stanley', 'south america', 12173, 2563),
	('fro', 'faroe islands', 'https://flagcdn.com/w320/fo.png', 'europe', 'tórshavn', 'northern europe', 1393, 48865),
	('fji', 'fiji', 'https://flagcdn.com/w320/fj.png', 'oceania', 'suva', 'melanesia', 18272, 896444),
	('fin', 'finland', 'https://flagcdn.com/w320/fi.png', 'europe', 'helsinki', 'northern europe', 338424, 5530719),
	('fra', 'france', 'https://flagcdn.com/w320/fr.png', 'europe', 'paris', 'western europe', 640679, 67391582),
	('guf', 'french guiana', 'https://flagcdn.com/w320/gf.png', 'americas', 'cayenne', 'south america', 0, 254541),
	('pyf', 'french polynesia', 'https://flagcdn.com/w320/pf.png', 'oceania', 'papeetē', 'polynesia', 4167, 280904),
	('atf', 'french southern territories', 'https://flagcdn.com/w320/tf.png', 'africa', 'port-aux-français', 'southern africa', 7747, 140),
	('gab', 'gabon', 'https://flagcdn.com/w320/ga.png', 'africa', 'libreville', 'middle africa', 267668, 2225728),
	('gmb', 'gambia', 'https://flagcdn.com/w320/gm.png', 'africa', 'banjul', 'western africa', 11295, 2416664),
	('geo', 'georgia', 'https://flagcdn.com/w320/ge.png', 'asia', 'tbilisi', 'western asia', 69700, 3714000),
	('deu', 'germany', 'https://flagcdn.com/w320/de.png', 'europe', 'berlin', 'central europe', 357114, 83240525),
	('gha', 'ghana', 'https://flagcdn.com/w320/gh.png', 'africa', 'accra', 'western africa', 238533, 31072945),
	('gib', 'gibraltar', 'https://flagcdn.com/w320/gi.png', 'europe', 'gibraltar', 'southern europe', 6, 33691),
	('grc', 'greece', 'https://flagcdn.com/w320/gr.png', 'europe', 'athens', 'southern europe', 131990, 10715549),
	('grl', 'greenland', 'https://flagcdn.com/w320/gl.png', 'americas', 'nuuk', 'northern america', 2166086, 56367),
	('grd', 'grenada', 'https://flagcdn.com/w320/gd.png', 'americas', 'st. george''s', 'caribbean', 344, 112519),
	('glp', 'guadeloupe', 'https://flagcdn.com/w320/gp.png', 'americas', 'basse-terre', 'caribbean', 0, 400132),
	('gum', 'guam', 'https://flagcdn.com/w320/gu.png', 'oceania', 'hagåtña', 'micronesia', 549, 168783),
	('gtm', 'guatemala', 'https://flagcdn.com/w320/gt.png', 'americas', 'guatemala city', 'central america', 108889, 16858333),
	('ggy', 'guernsey', 'https://flagcdn.com/w320/gg.png', 'europe', 'st. peter port', 'northern europe', 78, 62999),
	('gin', 'guinea', 'https://flagcdn.com/w320/gn.png', 'africa', 'conakry', 'western africa', 245857, 13132792),
	('gnb', 'guinea-bissau', 'https://flagcdn.com/w320/gw.png', 'africa', 'bissau', 'western africa', 36125, 1967998),
	('guy', 'guyana', 'https://flagcdn.com/w320/gy.png', 'americas', 'georgetown', 'south america', 214969, 786559),
	('hti', 'haiti', 'https://flagcdn.com/w320/ht.png', 'americas', 'port-au-prince', 'caribbean', 27750, 11402533),
	('hmd', 'heard island and mcdonald islands', 'https://flagcdn.com/w320/hm.png', 'antarctic', '', 'antarctic', 412, 0),
	('vat', 'vatican city', 'https://flagcdn.com/w320/va.png', 'europe', 'vatican city', 'southern europe', 0, 451),
	('hnd', 'honduras', 'https://flagcdn.com/w320/hn.png', 'americas', 'tegucigalpa', 'central america', 112492, 9904608),
	('hun', 'hungary', 'https://flagcdn.com/w320/hu.png', 'europe', 'budapest', 'central europe', 93028, 9749763),
	('hkg', 'hong kong', 'https://flagcdn.com/w320/hk.png', 'asia', 'city of victoria', 'eastern asia', 1104, 7481800),
	('isl', 'iceland', 'https://flagcdn.com/w320/is.png', 'europe', 'reykjavík', 'northern europe', 103000, 366425),
	('ind', 'india', 'https://flagcdn.com/w320/in.png', 'asia', 'new delhi', 'southern asia', 3287590, 1380004385),
	('idn', 'indonesia', 'https://flagcdn.com/w320/id.png', 'asia', 'jakarta', 'south-eastern asia', 1904569, 273523621),
	('civ', 'ivory coast', 'https://flagcdn.com/w320/ci.png', 'africa', 'yamoussoukro', 'western africa', 322463, 26378275),
	('irn', 'iran (islamic republic of)', 'https://flagcdn.com/w320/ir.png', 'asia', 'tehran', 'southern asia', 1648195, 83992953),
	('irq', 'iraq', 'https://flagcdn.com/w320/iq.png', 'asia', 'baghdad', 'western asia', 438317, 40222503),
	('irl', 'ireland', 'https://flagcdn.com/w320/ie.png', 'europe', 'dublin', 'northern europe', 70273, 4994724),
	('imn', 'isle of man', 'https://flagcdn.com/w320/im.png', 'europe', 'douglas', 'northern europe', 572, 85032),
	('isr', 'israel', 'https://flagcdn.com/w320/il.png', 'asia', 'jerusalem', 'western asia', 20770, 9216900),
	('ita', 'italy', 'https://flagcdn.com/w320/it.png', 'europe', 'rome', 'southern europe', 301336, 59554023),
	('jam', 'jamaica', 'https://flagcdn.com/w320/jm.png', 'americas', 'kingston', 'caribbean', 10991, 2961161),
	('jpn', 'japan', 'https://flagcdn.com/w320/jp.png', 'asia', 'tokyo', 'eastern asia', 377930, 125836021),
	('jey', 'jersey', 'https://flagcdn.com/w320/je.png', 'europe', 'saint helier', 'northern europe', 116, 100800),
	('jor', 'jordan', 'https://flagcdn.com/w320/jo.png', 'asia', 'amman', 'western asia', 89342, 10203140),
	('kaz', 'kazakhstan', 'https://flagcdn.com/w320/kz.png', 'asia', 'nur-sultan', 'central asia', 2724900, 18754440),
	('ken', 'kenya', 'https://flagcdn.com/w320/ke.png', 'africa', 'nairobi', 'eastern africa', 580367, 53771300),
	('kir', 'kiribati', 'https://flagcdn.com/w320/ki.png', 'oceania', 'south tarawa', 'micronesia', 811, 119446),
	('kwt', 'kuwait', 'https://flagcdn.com/w320/kw.png', 'asia', 'kuwait city', 'western asia', 17818, 4270563),
	('kgz', 'kyrgyzstan', 'https://flagcdn.com/w320/kg.png', 'asia', 'bishkek', 'central asia', 199951, 6591600),
	('lao', 'lao people''s democratic republic', 'https://flagcdn.com/w320/la.png', 'asia', 'vientiane', 'south-eastern asia', 236800, 7275556),
	('lva', 'latvia', 'https://flagcdn.com/w320/lv.png', 'europe', 'riga', 'northern europe', 64559, 1901548),
	('lbn', 'lebanon', 'https://flagcdn.com/w320/lb.png', 'asia', 'beirut', 'western asia', 10452, 6825442),
	('lso', 'lesotho', 'https://flagcdn.com/w320/ls.png', 'africa', 'maseru', 'southern africa', 30355, 2142252),
	('lbr', 'liberia', 'https://flagcdn.com/w320/lr.png', 'africa', 'monrovia', 'western africa', 111369, 5057677),
	('lby', 'libya', 'https://flagcdn.com/w320/ly.png', 'africa', 'tripoli', 'northern africa', 1759540, 6871287),
	('lie', 'liechtenstein', 'https://flagcdn.com/w320/li.png', 'europe', 'vaduz', 'central europe', 160, 38137),
	('ltu', 'lithuania', 'https://flagcdn.com/w320/lt.png', 'europe', 'vilnius', 'northern europe', 65300, 2794700),
	('lux', 'luxembourg', 'https://flagcdn.com/w320/lu.png', 'europe', 'luxembourg', 'western europe', 2586, 632275),
	('mac', 'macao', 'https://flagcdn.com/w320/mo.png', 'asia', '', 'eastern asia', 30, 649342),
	('mkd', 'north macedonia', 'https://flagcdn.com/w320/mk.png', 'europe', 'skopje', 'southern europe', 25713, 2083380),
	('mdg', 'madagascar', 'https://flagcdn.com/w320/mg.png', 'africa', 'antananarivo', 'eastern africa', 587041, 27691019),
	('mwi', 'malawi', 'https://flagcdn.com/w320/mw.png', 'africa', 'lilongwe', 'eastern africa', 118484, 19129955),
	('mys', 'malaysia', 'https://flagcdn.com/w320/my.png', 'asia', 'kuala lumpur', 'south-eastern asia', 330803, 32365998),
	('mdv', 'maldives', 'https://flagcdn.com/w320/mv.png', 'asia', 'malé', 'southern asia', 300, 540542),
	('mli', 'mali', 'https://flagcdn.com/w320/ml.png', 'africa', 'bamako', 'western africa', 1240192, 20250834),
	('mlt', 'malta', 'https://flagcdn.com/w320/mt.png', 'europe', 'valletta', 'southern europe', 316, 525285),
	('mhl', 'marshall islands', 'https://flagcdn.com/w320/mh.png', 'oceania', 'majuro', 'micronesia', 181, 59194),
	('mtq', 'martinique', 'https://flagcdn.com/w320/mq.png', 'americas', 'fort-de-france', 'caribbean', 0, 378243),
	('mrt', 'mauritania', 'https://flagcdn.com/w320/mr.png', 'africa', 'nouakchott', 'western africa', 1030700, 4649660),
	('mus', 'mauritius', 'https://flagcdn.com/w320/mu.png', 'africa', 'port louis', 'eastern africa', 2040, 1265740),
	('myt', 'mayotte', 'https://flagcdn.com/w320/yt.png', 'africa', 'mamoudzou', 'eastern africa', 0, 226915),
	('mex', 'mexico', 'https://flagcdn.com/w320/mx.png', 'americas', 'mexico city', 'north america', 1964375, 128932753),
	('fsm', 'micronesia (federated states of)', 'https://flagcdn.com/w320/fm.png', 'oceania', 'palikir', 'micronesia', 702, 115021),
	('mda', 'moldova (republic of)', 'https://flagcdn.com/w320/md.png', 'europe', 'chișinău', 'eastern europe', 33846, 2617820),
	('mco', 'monaco', 'https://flagcdn.com/w320/mc.png', 'europe', 'monaco', 'western europe', 2, 39244),
	('mng', 'mongolia', 'https://flagcdn.com/w320/mn.png', 'asia', 'ulan bator', 'eastern asia', 1564110, 3278292),
	('mne', 'montenegro', 'https://flagcdn.com/w320/me.png', 'europe', 'podgorica', 'southern europe', 13812, 621718),
	('msr', 'montserrat', 'https://flagcdn.com/w320/ms.png', 'americas', 'plymouth', 'caribbean', 102, 4922),
	('mar', 'morocco', 'https://flagcdn.com/w320/ma.png', 'africa', 'rabat', 'northern africa', 446550, 36910558),
	('moz', 'mozambique', 'https://flagcdn.com/w320/mz.png', 'africa', 'maputo', 'eastern africa', 801590, 31255435),
	('mmr', 'myanmar', 'https://flagcdn.com/w320/mm.png', 'asia', 'naypyidaw', 'south-eastern asia', 676578, 54409794),
	('nam', 'namibia', 'https://flagcdn.com/w320/na.png', 'africa', 'windhoek', 'southern africa', 825615, 2540916),
	('nru', 'nauru', 'https://flagcdn.com/w320/nr.png', 'oceania', 'yaren', 'micronesia', 21, 10834),
	('npl', 'nepal', 'https://flagcdn.com/w320/np.png', 'asia', 'kathmandu', 'southern asia', 147181, 29136808),
	('nld', 'netherlands', 'https://flagcdn.com/w320/nl.png', 'europe', 'amsterdam', 'western europe', 41850, 17441139),
	('ncl', 'new caledonia', 'https://flagcdn.com/w320/nc.png', 'oceania', 'nouméa', 'melanesia', 18575, 271960),
	('nzl', 'new zealand', 'https://flagcdn.com/w320/nz.png', 'oceania', 'wellington', 'australia and new zealand', 270467, 5084300),
	('nic', 'nicaragua', 'https://flagcdn.com/w320/ni.png', 'americas', 'managua', 'central america', 130373, 6624554),
	('ner', 'niger', 'https://flagcdn.com/w320/ne.png', 'africa', 'niamey', 'western africa', 1267000, 24206636),
	('nga', 'nigeria', 'https://flagcdn.com/w320/ng.png', 'africa', 'abuja', 'western africa', 923768, 206139587),
	('niu', 'niue', 'https://flagcdn.com/w320/nu.png', 'oceania', 'alofi', 'polynesia', 260, 1470),
	('nfk', 'norfolk island', 'https://flagcdn.com/w320/nf.png', 'oceania', 'kingston', 'australia and new zealand', 36, 2302),
	('prk', 'korea (democratic people''s republic of)', 'https://flagcdn.com/w320/kp.png', 'asia', 'pyongyang', 'eastern asia', 120538, 25778815),
	('mnp', 'northern mariana islands', 'https://flagcdn.com/w320/mp.png', 'oceania', 'saipan', 'micronesia', 464, 57557),
	('nor', 'norway', 'https://flagcdn.com/w320/no.png', 'europe', 'oslo', 'northern europe', 323802, 5379475),
	('omn', 'oman', 'https://flagcdn.com/w320/om.png', 'asia', 'muscat', 'western asia', 309500, 5106622),
	('pak', 'pakistan', 'https://flagcdn.com/w320/pk.png', 'asia', 'islamabad', 'southern asia', 881912, 220892331),
	('plw', 'palau', 'https://flagcdn.com/w320/pw.png', 'oceania', 'ngerulmud', 'micronesia', 459, 18092),
	('pse', 'palestine, state of', 'https://flagcdn.com/w320/ps.png', 'asia', 'ramallah', 'western asia', 0, 4803269),
	('pan', 'panama', 'https://flagcdn.com/w320/pa.png', 'americas', 'panama city', 'central america', 75417, 4314768),
	('png', 'papua new guinea', 'https://flagcdn.com/w320/pg.png', 'oceania', 'port moresby', 'melanesia', 462840, 8947027),
	('pry', 'paraguay', 'https://flagcdn.com/w320/py.png', 'americas', 'asunción', 'south america', 406752, 7132530),
	('per', 'peru', 'https://flagcdn.com/w320/pe.png', 'americas', 'lima', 'south america', 1285216, 32971846),
	('phl', 'philippines', 'https://flagcdn.com/w320/ph.png', 'asia', 'manila', 'south-eastern asia', 342353, 109581085),
	('pcn', 'pitcairn', 'https://flagcdn.com/w320/pn.png', 'oceania', 'adamstown', 'polynesia', 47, 56),
	('pol', 'poland', 'https://flagcdn.com/w320/pl.png', 'europe', 'warsaw', 'central europe', 312679, 37950802),
	('prt', 'portugal', 'https://flagcdn.com/w320/pt.png', 'europe', 'lisbon', 'southern europe', 92090, 10305564),
	('pri', 'puerto rico', 'https://flagcdn.com/w320/pr.png', 'americas', 'san juan', 'caribbean', 8870, 3194034),
	('qat', 'qatar', 'https://flagcdn.com/w320/qa.png', 'asia', 'doha', 'western asia', 11586, 2881060),
	('unk', 'republic of kosovo', 'https://flagcdn.com/w320/xk.png', 'europe', 'pristina', 'eastern europe', 10908, 1775378),
	('reu', 'réunion', 'https://flagcdn.com/w320/re.png', 'africa', 'saint-denis', 'eastern africa', 0, 840974),
	('rou', 'romania', 'https://flagcdn.com/w320/ro.png', 'europe', 'bucharest', 'eastern europe', 238391, 19286123),
	('rus', 'russian federation', 'https://flagcdn.com/w320/ru.png', 'europe', 'moscow', 'eastern europe', 17124442, 144104080),
	('rwa', 'rwanda', 'https://flagcdn.com/w320/rw.png', 'africa', 'kigali', 'eastern africa', 26338, 12952209),
	('blm', 'saint barthélemy', 'https://flagcdn.com/w320/bl.png', 'americas', 'gustavia', 'caribbean', 21, 9417),
	('shn', 'saint helena, ascension and tristan da cunha', 'https://flagcdn.com/w320/sh.png', 'africa', 'jamestown', 'western africa', 0, 4255),
	('kna', 'saint kitts and nevis', 'https://flagcdn.com/w320/kn.png', 'americas', 'basseterre', 'caribbean', 261, 53192),
	('lca', 'saint lucia', 'https://flagcdn.com/w320/lc.png', 'americas', 'castries', 'caribbean', 616, 183629),
	('maf', 'saint martin (french part)', 'https://flagcdn.com/w320/mf.png', 'americas', 'marigot', 'caribbean', 53, 38659),
	('spm', 'saint pierre and miquelon', 'https://flagcdn.com/w320/pm.png', 'americas', 'saint-pierre', 'northern america', 242, 6069),
	('vct', 'saint vincent and the grenadines', 'https://flagcdn.com/w320/vc.png', 'americas', 'kingstown', 'caribbean', 389, 110947),
	('wsm', 'samoa', 'https://flagcdn.com/w320/ws.png', 'oceania', 'apia', 'polynesia', 2842, 198410),
	('smr', 'san marino', 'https://flagcdn.com/w320/sm.png', 'europe', 'city of san marino', 'southern europe', 61, 33938),
	('stp', 'sao tome and principe', 'https://flagcdn.com/w320/st.png', 'africa', 'são tomé', 'middle africa', 964, 219161),
	('sau', 'saudi arabia', 'https://flagcdn.com/w320/sa.png', 'asia', 'riyadh', 'western asia', 2149690, 34813867),
	('sen', 'senegal', 'https://flagcdn.com/w320/sn.png', 'africa', 'dakar', 'western africa', 196722, 16743930),
	('srb', 'serbia', 'https://flagcdn.com/w320/rs.png', 'europe', 'belgrade', 'southern europe', 88361, 6908224),
	('syc', 'seychelles', 'https://flagcdn.com/w320/sc.png', 'africa', 'victoria', 'eastern africa', 452, 98462),
	('sle', 'sierra leone', 'https://flagcdn.com/w320/sl.png', 'africa', 'freetown', 'western africa', 71740, 7976985),
	('sgp', 'singapore', 'https://flagcdn.com/w320/sg.png', 'asia', 'singapore', 'south-eastern asia', 710, 5685807),
	('sxm', 'sint maarten (dutch part)', 'https://flagcdn.com/w320/sx.png', 'americas', 'philipsburg', 'caribbean', 34, 40812),
	('svk', 'slovakia', 'https://flagcdn.com/w320/sk.png', 'europe', 'bratislava', 'central europe', 49037, 5458827),
	('svn', 'slovenia', 'https://flagcdn.com/w320/si.png', 'europe', 'ljubljana', 'southern europe', 20273, 2100126),
	('slb', 'solomon islands', 'https://flagcdn.com/w320/sb.png', 'oceania', 'honiara', 'melanesia', 28896, 686878),
	('som', 'somalia', 'https://flagcdn.com/w320/so.png', 'africa', 'mogadishu', 'eastern africa', 637657, 15893219),
	('zaf', 'south africa', 'https://flagcdn.com/w320/za.png', 'africa', 'pretoria', 'southern africa', 1221037, 59308690),
	('sgs', 'south georgia and the south sandwich islands', 'https://flagcdn.com/w320/gs.png', 'americas', 'king edward point', 'south america', 0, 30),
	('kor', 'korea (republic of)', 'https://flagcdn.com/w320/kr.png', 'asia', 'seoul', 'eastern asia', 100210, 51780579),
	('esp', 'spain', 'https://flagcdn.com/w320/es.png', 'europe', 'madrid', 'southern europe', 505992, 47351567),
	('lka', 'sri lanka', 'https://flagcdn.com/w320/lk.png', 'asia', 'sri jayawardenepura kotte', 'southern asia', 65610, 21919000),
	('sdn', 'sudan', 'https://flagcdn.com/w320/sd.png', 'africa', 'khartoum', 'northern africa', 1886068, 43849269),
	('ssd', 'south sudan', 'https://flagcdn.com/w320/ss.png', 'africa', 'juba', 'middle africa', 619745, 11193729),
	('sur', 'suriname', 'https://flagcdn.com/w320/sr.png', 'americas', 'paramaribo', 'south america', 163820, 586634),
	('sjm', 'svalbard and jan mayen', 'https://flagcdn.com/w320/sj.png', 'europe', 'longyearbyen', 'northern europe', 0, 2562),
	('swz', 'swaziland', 'https://flagcdn.com/w320/sz.png', 'africa', 'mbabane', 'southern africa', 17364, 1160164),
	('swe', 'sweden', 'https://flagcdn.com/w320/se.png', 'europe', 'stockholm', 'northern europe', 450295, 10353442),
	('che', 'switzerland', 'https://flagcdn.com/w320/ch.png', 'europe', 'bern', 'central europe', 41284, 8636896),
	('syr', 'syrian arab republic', 'https://flagcdn.com/w320/sy.png', 'asia', 'damascus', 'western asia', 185180, 17500657),
	('twn', 'taiwan', 'https://flagcdn.com/w320/tw.png', 'asia', 'taipei', 'eastern asia', 36193, 23503349),
	('tjk', 'tajikistan', 'https://flagcdn.com/w320/tj.png', 'asia', 'dushanbe', 'central asia', 143100, 9537642),
	('tza', 'tanzania, united republic of', 'https://flagcdn.com/w320/tz.png', 'africa', 'dodoma', 'eastern africa', 945087, 59734213),
	('tha', 'thailand', 'https://flagcdn.com/w320/th.png', 'asia', 'bangkok', 'south-eastern asia', 513120, 69799978),
	('tls', 'timor-leste', 'https://flagcdn.com/w320/tl.png', 'asia', 'dili', 'south-eastern asia', 14874, 1318442),
	('tgo', 'togo', 'https://flagcdn.com/w320/tg.png', 'africa', 'lomé', 'western africa', 56785, 8278737),
	('tkl', 'tokelau', 'https://flagcdn.com/w320/tk.png', 'oceania', 'fakaofo', 'polynesia', 12, 1411),
	('ton', 'tonga', 'https://flagcdn.com/w320/to.png', 'oceania', 'nuku''alofa', 'polynesia', 747, 105697),
	('tto', 'trinidad and tobago', 'https://flagcdn.com/w320/tt.png', 'americas', 'port of spain', 'caribbean', 5130, 1399491),
	('tun', 'tunisia', 'https://flagcdn.com/w320/tn.png', 'africa', 'tunis', 'northern africa', 163610, 11818618),
	('tur', 'turkey', 'https://flagcdn.com/w320/tr.png', 'asia', 'ankara', 'western asia', 783562, 84339067),
	('tkm', 'turkmenistan', 'https://flagcdn.com/w320/tm.png', 'asia', 'ashgabat', 'central asia', 488100, 6031187),
	('tca', 'turks and caicos islands', 'https://flagcdn.com/w320/tc.png', 'americas', 'cockburn town', 'caribbean', 948, 38718),
	('tuv', 'tuvalu', 'https://flagcdn.com/w320/tv.png', 'oceania', 'funafuti', 'polynesia', 26, 11792),
	('uga', 'uganda', 'https://flagcdn.com/w320/ug.png', 'africa', 'kampala', 'eastern africa', 241550, 45741000),
	('ukr', 'ukraine', 'https://flagcdn.com/w320/ua.png', 'europe', 'kyiv', 'eastern europe', 603700, 44134693),
	('are', 'united arab emirates', 'https://flagcdn.com/w320/ae.png', 'asia', 'abu dhabi', 'western asia', 83600, 9890400),
	('gbr', 'united kingdom of great britain and northern ireland', 'https://flagcdn.com/w320/gb.png', 'europe', 'london', 'northern europe', 242900, 67215293),
	('usa', 'united states of america', 'https://flagcdn.com/w320/us.png', 'americas', 'washington, d.c.', 'northern america', 9629091, 329484123),
	('ury', 'uruguay', 'https://flagcdn.com/w320/uy.png', 'americas', 'montevideo', 'south america', 181034, 3473727),
	('uzb', 'uzbekistan', 'https://flagcdn.com/w320/uz.png', 'asia', 'tashkent', 'central asia', 447400, 34232050),
	('vut', 'vanuatu', 'https://flagcdn.com/w320/vu.png', 'oceania', 'port vila', 'melanesia', 12189, 307150),
	('ven', 'venezuela (bolivarian republic of)', 'https://flagcdn.com/w320/ve.png', 'americas', 'caracas', 'south america', 916445, 28435943),
	('vnm', 'vietnam', 'https://flagcdn.com/w320/vn.png', 'asia', 'hanoi', 'south-eastern asia', 331212, 97338583),
	('wlf', 'wallis and futuna', 'https://flagcdn.com/w320/wf.png', 'oceania', 'mata-utu', 'polynesia', 142, 11750),
	('esh', 'western sahara', 'https://flagcdn.com/w320/eh.png', 'africa', 'el aaiún', 'northern africa', 266000, 510713),
	('yem', 'yemen', 'https://flagcdn.com/w320/ye.png', 'asia', 'sana''a', 'western asia', 527968, 29825968),
	('zmb', 'zambia', 'https://flagcdn.com/w320/zm.png', 'africa', 'lusaka', 'eastern africa', 752618, 18383956),
	('zwe', 'zimbabwe', 'https://flagcdn.com/w320/zw.png', 'africa', 'harare', 'eastern africa', 390757, 14862927);

INSERT INTO "countries_activities" ("alpha3Code", "activity_id") VALUES
	('aze', 10),
	('zwe', 247),
	('aze', 4),
	('aze', 12),
	('arm', 18),
	('col', 18),
	('arm', 6),
	('arm', 12),
	('geo', 4),
	('col', 180),
	('rus', 4),
	('rus', 12),
	('est', 10),
	('est', 12),
	('est', 4),
	('fin', 18),
	('fin', 12),
	('fin', 6),
	('swe', 12),
	('swe', 144),
	('nor', 18),
	('nor', 12),
	('nor', 144),
	('nor', 6),
	('chn', 144),
	('are', 6),
	('ukr', 6),
	('uga', 6),
	('ata', 18),
	('btn', 10),
	('ind', 18),
	('ind', 4),
	('ind', 144),
	('mmr', 18),
	('mmr', 4),
	('mmr', 6),
	('mmr', 144),
	('tha', 4),
	('khm', 18),
	('khm', 12),
	(abw', 18),
	(abw', 4),
	(abw', 12),
	(abw', 10),
	(brb', 10),
	(brb', 6),
	(atg', 12),
	(atg', 4),
	(atg', 6),
	(blz', 4),
	(blz', 6),
	('bmu', 6),
	('bol', 6),
	('bes', 10),
	('bes', 144),
	('bes', 6),
	('hmd', 18),
	('hmd', 12),
	('brn', 18),
	('brn', 144),
	('vnm', 144),
	('bgd', 12),
	('bgd', 6),
	('bfa', 6),
	('bfa', 12),
	('abw', 144),
	('abw', 6),
	('dza', 10),
	('dza', 180),
	('dza', 18),
	('chl', 10),
	('and', 180),
	('aia', 180),
	('bhr', 180),
	('bhs', 214),
	('blr', 214),
	('bih', 214),
	('bvt', 214),
	('cpv', 214),
	('bdi', 214),
	('alb', 12),
	('bgr', 12),
	('asm', 10),
	('bel', 10),
	('iot', 10),
	('ben', 12),
	('arg', 10),
	('arg', 144),
	('bra', 180),
	('ala', 10),
	('cok', 10),
	('cub', 10),
	('ecu', 10),
	('cod', 10),
	('zmb', 247),
	('yem', 247),
	('esh', 247),
	('wlf', 247),
	('vir', 247),
	('vgb', 247),
	('ven', 247),
	('vut', 247),
	('mex', 12),
	('vat', 247),
	('uzb', 247),
	('ury', 247),
	('usa', 247),
	('umi', 247),
	('gbr', 247),
	('lao', 18),
	('aze', 180),
	('lao', 214),
	('lao', 4),
	('caf', 180),
	('com', 180),
	('aze', 144),
	('aze', 18),
	('hrv', 180),
	('aze', 214),
	('arg', 247),
	('arg', 12),
	('aze', 6),
	('arg', 258),
	('arg', 180),
	('arg', 4),
	('arg', 18),
	('ata', 12),
	('arg', 6),
	('arg', 214),
	('cmr', 18),
	('chn', 180),
	('bwa', 180),
	('abw', 180),
	('abw', 214),
	('tkl', 4),
	('tkl', 6);